GUID,Title,Type,Filename,VirusTotal
0687a5ca-f788-4cbf-9525-18708eae5091,XAPKs Installer,APK,io.apkmody.sai_v2.1.6.apk,
43278509-8b3b-42e4-bac0-c0d646ac79db,Aquaria,APK,com.bit_blot.aquaria_humble_v1.1.apk,
45f822d4-c90e-4847-bfbe-e63e63288097,My Time At Portia,APK,com.pathea.mtap_v1.0.11232.apk,
c29817ca-e667-4beb-a237-ef266e8ed074,Spelunky 1.1.7,APK,com.spelunky.spelunky_v1.1.7.apk,
b788ca01-899c-4a23-aff2-aa40737549b3,Kero Blaster,APK,jp.studiopixel.keroblaster_v1.6.0.apk,
4b868555-e942-4ca8-b012-c492ebd06014,Ankora,APK,com.Chibig.Ankora_v1.3.9.apk,
09ff9ba3-8dfd-45ca-8177-09cf69d65306,Drill Down (Paid),APK,de.dakror.quarry_v120-full.apk,
f6050cb0-6fa0-4684-ae17-347110f8e6c0,Dead Cells,APK,com.playdigious.deadcells.mobile_v2.4.14.apk,
bdef7b4a-e361-46ce-819e-7e9c903ee424,The Blockheads 1.7.5,APK,com.noodlecake.blockheads_v1.7.5.apk,
56aa2d59-4104-4df5-a636-b7cd66786c1a,The Blockheads 1.7.6,APK,com.noodlecake.blockheads_v1.7.6.apk,
ba4add58-215a-4733-9c06-5d176986040e,Stardew Valley,APK,com.chucklefish.stardewvalley_v1.4.5.144.apk,
322d6a8a-8757-4b85-b9df-6adf6bc49e77,Thomas Was Alone,APK,com.bossastudios.twadroid_v1.0.4.apk,
2844705b-3a91-4459-b25b-7b9ef8b28073,Neon Shadow,APK,com.crescentmoongames.neonshadow_v1.38.apk,
06a9f8c0-86c4-48bd-aecb-3abbc49f6e80,Human Fall Flat,APK,com.and.games505.humanfallflat_v1.9.apk,
75644b2e-71c0-4869-b4fc-fa335e7be08f,Forager,APK,com.humblebundle.forager_v1.0.13.apk,
0748c564-c26f-44b3-aaed-a96ec44f0f9a,Hue,APK,com.BadlandPublishing.HUE_v1.7.apk,
27fba95c-bc86-42df-96e7-3728ba00088f,Getting Over It,APK,com.noodlecake.gettingoverit_v1.9.4.apk,
e9f69d6d-4d11-4719-b2df-a8d0a254d016,Evoland,APK,air.com.shirogames.evoland12_v1.7.7.apk,
6c9c625b-c739-4e60-8c0d-526311303f49,Evoland II,APK,com.playdigious.evoland2_v2.0.2.apk,
52f41359-2d56-47dc-9dc6-d1c1fd91f2f2,Tesla vs Lovecraft,XAPK,com.the10tons.teslavslovecraft_v1.5.0.xapk,
c0cb7267-051c-42dd-b72b-48f10ace15fd,Terraria,APK,com.and.games505.TerrariaPaid_1.4.0.5.2.1.apk,
279a7dab-3d50-4313-8f43-9fc0ff902c28,Minecraft,APK,com.mojang.minecraftpe_1.18.20.27.apk,
bb24e5a4-402a-48a8-8fe4-c927d705d441,Tank Hero ,APK,com.clapfootgames.tankhero_v1.5.13.apk,
1185dd37-d1a8-4ae7-afae-8cac0d860fcb,Monument Valley 2,XAPK,com.ustwo.monumentvalley2_v2.0.6.xapk,
6b361e6b-2ae8-405f-b32f-bdf08462e1bf,Mini Metro,APK,nz.co.codepoint.minimetro_v2.2.0.apk,
ae7fd146-36bf-4923-8f81-dc3b71ad8be1,Octodad,APK,com.younghorses.octodad_v1.0.27.apk,
6bf786c2-1d2f-4c64-8795-ee101149939d,TaffyTales,APK,com.UberPie.TaffyTales_v0.8.1c.apk,
c0b22123-035a-4d60-8c8f-4add73a71bcb,Dandara,APK,com.rawfury.longhathouse.Dandara_v1.4.6.apk,
d3755f64-dee3-490f-b098-c6ba452e9148,Boris & the Dark Survival,APK,com.jds.batds_v1.13.apk,
4bcc18f4-d72c-4f76-9502-b8f75b947742,A Town Uncovered,APK,atown.geeseki_v0.17.apk,
880a5569-d2c2-4a00-a61b-60dcedfeceed,Bendy & the Ink Machine,XAPK,com.jds.batim_v1.0.829.xapk,
4c40acd7-dc5c-45dd-b7dd-473efbef98e7,Castlevania SOTN,XAPK,jp.konami.epjCastlevania2_v1.0.1.xapk,
8874d401-3b88-487a-9d54-708bddd5160b,Just Cause Mobile,APK,com.square_enix.JustCauseMobile_ww_v0.9.42.apk,
fe8e7e6c-0fe3-410b-9044-659d1c2718be,Danganronpa: Trigger Happy Havoc,XAPK,jp.co.spike_chunsoft.DR1_v1.0.2.part$.rar,
ac09de77-7b42-4e36-8c35-a1e097f3292e,Gunfire Endless Adventure,APK,gunfire-endless-adventure-1.0.15.apk,
4f7550a6-7162-41d5-a37a-e3ea11f78b1d,GTA SA,XAPK,com.rockstargames.gtasa_v2.00.xapk,
f1533e5e-bad5-49a9-9b88-6b03fe91a8f7,Tank Hero: Laser Wars (Paid),APK,com.clapfootgames.laserwars_v1.1.2.apk,
aec7de15-2d74-4adc-942b-de94278663ce,GBA emu paid,APK,com.fastemulator.gba_v1.8.0.apk,
f08415c3-a31d-4dbc-84e3-5274b9774147,GBC emu paid,APK,com.fastemulator.gbc_v1.5.1.apk,
1dd227d6-b450-4b9a-bd8a-2ea627719ae0,To The Moon,XAPK,com.xd.tothemoon_v3.7.xapk,
4b4ea243-b638-417d-ae5e-fe879c83ad2f,Townscaper,APK,com.OskarStalberg.Townscaper_v1.01.apk,
f79226a1-661b-44ec-ab76-5dbc77df9e83,Exploding Kittens,APK,com.explodingkittens.projectbombsquad_v5.2.5.apk,
457b972c-07f0-45db-a9d9-3740d29bddaa,Dungeon Maker,APK,com.GameCoaster.DungeonMaker_v1.11.22.apk,
482a8ba2-fc43-4757-ad65-0e4432fe8584,Human Resource Machine,APK,com.tomorrowcorporation.humanresourcemachine_v1.0.5.apk,
a2c3c6ee-0adc-4506-b565-af66c1e44174,FNAF 1,APK,com.scottgames.fivenightsatfreddys_v2.0.3.apk,
db5e8825-7675-4562-ba83-71da05cb9e5f,FNAF 2,APK,com.scottgames.fnaf2_v2.0.4.apk,
b757c23c-45f2-4f2e-823b-444b30f651bb,FNAF 3,APK,com.scottgames.fnaf3_v2.0.apk,
cc8d5cac-55e4-42ef-8345-603b00b5ebe5,FNAF 4,APK,com.scottgames.fnaf4_v2.0.apk,
f247d07c-5cb0-4b3d-aa5a-7556db418076,FNAF 5 SL,APK,com.scottgames.sisterlocation_v2.0.1.apk,
4b9919ae-91ac-4130-890a-77a04791a41f,FNAF 6 Pizzeria,APK,com.clickteam.freddyfazbearspizzeriasimulator_v1.0.4.apk,
167a93b8-9282-437f-ad52-5631e3e929c1,Ravensword Shadowlands,XAPK,com.crescentmoongames.ravensword2_v21.xapk,
97080254-4603-43f5-90b4-b2b42c57fca8,,,,
e4db4cae-a06f-4585-aeaa-121578a3597d,,,,
e04be2ec-063b-4bf4-b138-bf883805d8e0,,,,
2c2d019a-3b96-4330-87de-5f15a1c55144,,,,
64cf7902-9764-434e-94dd-fa839b18bb2a,,,,
52ce98d1-3b69-436f-8c3e-5d44e6458d4a,,,,
f8f6acbf-4d7e-488f-b703-6a264495b7b9,,,,
4f76b832-9c4c-49da-a9b8-5c5792085022,,,,
17bf1c39-a7e9-4cc3-99be-6f3caada7936,,,,
788953c1-b451-40d7-baa7-027b24404c68,,,,
432c8061-b112-4940-bfd9-d40423cd19a5,,,,
b7cb9265-93ca-4115-981a-a4a8de284610,,,,
c7c61ad7-9c99-47d0-a465-813c25abc4a6,,,,
892816ee-2712-4eb0-944f-e7c50da15af9,,,,
9d51e3d4-b868-4e72-aefe-36f8ae52b07f,,,,
6330d2f0-d22f-4a0a-a6c7-e6d3db857c2d,,,,
9e00edca-6beb-485e-a1fc-42ac07a55ae9,,,,
cb1e461f-ca1b-4f9d-91ff-b1809d370f45,,,,
289e3c02-455c-4ff4-a368-1f449e898eb5,,,,
ed634840-fb64-4a74-b03b-c50639e923cb,,,,
077316fb-182f-4de4-b9b3-e74ac9396b8b,,,,
f49d263f-dda5-4dec-b1ce-f0696e186a99,,,,
bb92c37b-fb35-480d-b1ac-f5e04885d7d2,,,,
204be8f8-a1da-4fd7-9d25-09a54683cc5e,,,,
717893b9-e2a3-484c-81d1-c79b72bcba38,,,,
2b4a433c-18bf-4b56-a146-a9a6e4908587,,,,
7fd7ff97-a745-47f5-9d4a-69e858f886ee,,,,
8aa6e757-0dd3-4a11-9abd-7db5c998c8ee,,,,
c47e4c6a-c3fa-4cea-8a4f-508bf42a1cda,,,,
199ae9e9-1dc1-47fb-9007-a35dbbc95487,,,,
3d005e8e-b2ca-4522-997c-b60f05f7cae8,,,,
7093749b-9347-4904-bbce-fd0007c0da31,,,,
ce6181da-e091-406e-8503-afaeb8aa33c7,,,,
c04e1877-1d61-4469-959e-34fe035853c7,,,,
98191625-d935-4498-8888-e4440fa5dcc8,,,,
786286e4-157b-41b8-9347-9163ef22acab,,,,
39bed85c-e51e-4057-ad2b-ca5ec0631ba6,,,,
d5344b6c-840b-426b-873c-b934ba95af04,,,,
7e92e827-56f8-4692-8ada-3bedc5fc2cc0,,,,
3cc110ee-19d0-4cc1-8114-5364ba07d0f0,,,,
b936b940-1c30-4c8a-ac52-80377741fd97,,,,
910e1b0b-24b9-420b-9f54-7b830eae60e4,,,,
4578c5ff-d7ad-454d-9319-85b0dee21a80,,,,
60ad7c53-1c67-41a8-a59b-26d37c9446b2,,,,
84a2194b-1ea4-4bc0-8c13-8fc76fbc932e,,,,
3eeb3953-d847-4e41-a98b-6b95dc90ada4,,,,
25ce1c2c-e7e0-436a-8123-e937b6cfe8e6,,,,
e3c61894-e2fd-4cfa-b02c-ba2f557968dc,,,,
a41952b7-a8f5-4586-9f12-4c75cdf310d5,,,,
f5dc5d9e-b9e5-42c2-b15f-7e2c06036857,,,,
